Job,Arrival,Deadline
Job_000,0.0,1381.052675650455
Job_001,83.42,1866.5513027385623
Job_002,144.74,2130.658784226477
Job_003,197.03,2487.1300064583497
Job_004,233.63,1607.6900038750096
Job_005,302.58,2036.7626003104447
Job_006,340.81,1795.285729292631
Job_007,488.49,2373.0150434825196
Job_008,708.67,2795.9825249704345
Job_009,740.79,2628.8113793702423
Job_010,845.0,2729.5250434825193
Job_011,894.99,2982.302524970434
Job_012,950.74,2733.871302738562
Job_013,1123.32,2857.502600310445
Job_014,1128.21,3418.3100064583496
Job_015,1134.27,2508.3300038750094
Job_016,1135.63,3121.5487842264774
Job_017,1254.35,2635.402675650455
Job_018,1354.37,3242.3913793702422
Job_019,1440.0,2821.052675650455
Job_020,1523.42,3306.5513027385623
Job_021,1584.74,3570.658784226477
Job_022,1637.03,3927.1300064583493
Job_023,1673.63,3047.69000387501
Job_024,1742.58,3476.7626003104447
Job_025,1780.81,3235.285729292631
Job_026,1928.49,3813.0150434825196
Job_027,2148.67,4235.9825249704345
Job_028,2180.79,4068.8113793702423
Job_029,2285.0,4169.525043482519
Job_030,2334.99,4422.302524970434
Job_031,2390.74,4173.871302738562
Job_032,2563.32,4297.502600310445
Job_033,2568.21,4858.31000645835
Job_034,2574.27,3948.3300038750094
Job_035,2575.63,4561.548784226477
Job_036,2694.35,4075.402675650455
Job_037,2794.37,4682.391379370242
Job_038,2880.0,4261.052675650455
Job_039,2963.42,4746.551302738562
Job_040,3024.74,5010.658784226477
Job_041,3077.03,5367.13000645835
Job_042,3113.63,4487.69000387501
Job_043,3182.58,4916.762600310445
Job_044,3220.81,4675.285729292631
Job_045,3368.49,5253.015043482519
Job_046,3588.67,5675.9825249704345
Job_047,3620.79,5508.811379370242
Job_048,3725.0,5609.525043482519
Job_049,3774.99,5862.302524970434
Job_050,3830.74,5613.871302738562
Job_051,4003.32,5737.502600310445
Job_052,4008.21,6298.31000645835
Job_053,4014.27,5388.330003875009
Job_054,4015.63,6001.548784226477
Job_055,4134.35,5515.402675650455
Job_056,4234.37,6122.391379370242
Job_057,4320.0,5701.052675650455
Job_058,4403.42,6186.551302738562
Job_059,4464.74,6450.658784226477
Job_060,4517.03,6807.130006458349
Job_061,4553.63,5927.69000387501
Job_062,4622.58,6356.762600310445
Job_063,4660.81,6115.285729292631
Job_064,4808.49,6693.015043482519
Job_065,5028.67,7115.9825249704345
Job_066,5060.79,6948.811379370242
Job_067,5165.0,7049.525043482519
Job_068,5214.99,7302.302524970434
Job_069,5270.74,7053.871302738562
Job_070,5443.32,7177.502600310445
Job_071,5448.21,7738.31000645835
Job_072,5454.27,6828.33000387501
Job_073,5455.63,7441.548784226477
Job_074,5574.35,6955.402675650455
Job_075,5674.37,7562.391379370242
Job_076,5760.0,7141.052675650455
Job_077,5843.42,7626.551302738562
Job_078,5904.74,7890.658784226477
Job_079,5957.03,8247.130006458348
Job_080,5993.63,7367.69000387501
Job_081,6062.58,7796.762600310445
Job_082,6100.81,7555.285729292631
Job_083,6248.49,8133.015043482519
Job_084,6468.67,8555.982524970434
Job_085,6500.79,8388.811379370243
Job_086,6605.0,8489.52504348252
Job_087,6654.99,8742.302524970433
Job_088,6710.74,8493.871302738562
Job_089,6883.32,8617.502600310445
Job_090,6888.21,9178.310006458349
Job_091,6894.27,8268.33000387501
Job_092,6895.63,8881.548784226477
Job_093,7014.35,8395.402675650455
Job_094,7114.37,9002.391379370241
Job_095,7200.0,8581.052675650455
Job_096,7283.42,9066.551302738562
Job_097,7344.74,9330.658784226476
Job_098,7397.03,9687.130006458348
Job_099,7433.63,8807.69000387501
Job_100,7502.58,9236.762600310445
Job_101,7540.81,8995.285729292631
Job_102,7688.49,9573.01504348252
Job_103,7908.67,9995.982524970434
Job_104,7940.79,9828.811379370243
Job_105,8045.0,9929.52504348252
Job_106,8094.99,10182.302524970433
Job_107,8150.74,9933.871302738562
Job_108,8323.32,10057.502600310445
Job_109,8328.21,10618.310006458349
Job_110,8334.27,9708.33000387501
Job_111,8335.63,10321.548784226476
Job_112,8454.35,9835.402675650455
Job_113,8554.37,10442.391379370243
Job_114,8640.0,10021.052675650455
Job_115,8723.42,10506.551302738562
Job_116,8784.74,10770.658784226476
Job_117,8837.03,11127.13000645835
Job_118,8873.63,10247.690003875008
Job_119,8942.58,10676.762600310445
Job_120,8980.81,10435.285729292631
Job_121,9128.49,11013.01504348252
Job_122,9348.67,11435.982524970434
Job_123,9380.79,11268.811379370243
Job_124,9485.0,11369.52504348252
Job_125,9534.99,11622.302524970433
Job_126,9590.74,11373.871302738562
Job_127,9763.32,11497.502600310445
Job_128,9768.21,12058.310006458349
Job_129,9774.27,11148.33000387501
Job_130,9775.63,11761.548784226476
Job_131,9894.35,11275.402675650455
Job_132,9994.37,11882.391379370243
Job_133,10080.0,11461.052675650455
Job_134,10163.42,11946.551302738562
Job_135,10224.74,12210.658784226476
Job_136,10277.03,12567.13000645835
Job_137,10313.63,11687.690003875008
Job_138,10382.58,12116.762600310445
Job_139,10420.81,11875.285729292631
Job_140,10568.49,12453.01504348252
Job_141,10788.67,12875.982524970434
Job_142,10820.79,12708.811379370243
Job_143,10925.0,12809.52504348252
Job_144,10974.99,13062.302524970433
Job_145,11030.74,12813.871302738562
Job_146,11203.32,12937.502600310445
Job_147,11208.21,13498.310006458349
Job_148,11214.27,12588.33000387501
Job_149,11215.63,13201.548784226476
Job_150,11334.35,12715.402675650455
Job_151,11434.37,13322.391379370243
